{
  "music": [
    {
      "id": 1,
      "name": "Album 1",
      "price": 50,
      "imgName": "Album 1.png"
    },
    {
      "id": 2,
      "name": "Album 2",
      "price": 50,
      "imgName": "Album 2.png"
    },
    {
      "id": 3,
      "name": "Album 3",
      "price": 50,
      "imgName": "Album 3.png"
    },
    {
      "id": 4,
      "name": "Album 4",
      "price": 50,
      "imgName": "Album 4.png"
    }
  ],
  "merch": [
    {
      "id": 5,
      "name": "T-Shirt",
      "price": 50,
      "imgName": "Shirt.png"
    },
    {
      "id": 6,
      "name": "Coffee Cup",
      "price": 50,
      "imgName": "Cofee.png"
    }
  ]
}
